id,first_name,last_name,email,gender,ip_address
1,Paul,Simmons,psimmons0@state.gov,Male,139.134.139.43
10,Cynthia,Morrison,cmorrison9@so-net.ne.jp,Female,32.1.190.54
100,Fred,Phillips,fphillips2r@usgs.gov,Male,21.117.101.171
1000,Frank,Mills,fmillsrr@acquirethisname.com,Male,180.198.195.242
101,John,Bell,jbell2s@nature.com,Male,252.168.31.237
102,Andrew,Graham,agraham2t@clickbank.net,Male,33.11.11.113
103,Brian,Phillips,bphillips2u@51.la,Male,58.111.122.210
104,Victor,King,vking2v@about.me,Male,188.243.63.190
105,Diana,Hill,dhill2w@soundcloud.com,Female,31.241.112.195
106,Kathy,Baker,kbaker2x@meetup.com,Female,41.120.136.11
107,Brenda,Welch,bwelch2y@themeforest.net,Female,213.68.75.57
108,Todd,Chavez,tchavez2z@forbes.com,Male,2.18.64.189
109,Ryan,Woods,rwoods30@uol.com.br,Male,192.90.238.143
11,Clarence,Dixon,cdixona@stumbleupon.com,Male,216.116.2.195
110,Kevin,Bell,kbell31@indiatimes.com,Male,30.192.163.123
111,Kenneth,Lawrence,klawrence32@360.cn,Male,144.23.202.176
112,Ruth,Coleman,rcoleman33@woothemes.com,Female,240.28.173.102
113,Jesse,Ford,jford34@exblog.jp,Male,225.174.244.26
114,Ruby,Collins,rcollins35@prlog.org,Female,114.71.98.113
115,Nancy,Lane,nlane36@etsy.com,Female,147.157.222.177
116,Brian,Morales,bmorales37@tiny.cc,Male,86.87.82.155
117,Kenneth,Smith,ksmith38@ehow.com,Male,135.181.130.81
118,Daniel,Ray,dray39@go.com,Male,192.104.191.44
119,John,Sullivan,jsullivan3a@clickbank.net,Male,239.56.204.186
12,Stephen,Morrison,smorrisonb@artisteer.com,Male,116.99.102.37
120,Bobby,Harvey,bharvey3b@bing.com,Male,68.16.25.118
121,Elizabeth,White,ewhite3c@shinystat.com,Female,124.68.173.58
122,Brenda,Burns,bburns3d@cnet.com,Female,57.143.68.193
123,Marilyn,Moreno,mmoreno3e@infoseek.co.jp,Female,254.21.122.124
124,Bonnie,Russell,brussell3f@geocities.com,Female,62.100.10.49
125,Bonnie,Riley,briley3g@hostgator.com,Female,102.46.97.154
126,Victor,Robinson,vrobinson3h@csmonitor.com,Male,103.180.80.10
127,Wayne,Anderson,wanderson3i@moonfruit.com,Male,148.164.200.24
128,Clarence,Baker,cbaker3j@webeden.co.uk,Male,69.64.176.139
129,Robin,Moore,rmoore3k@freewebs.com,Female,107.62.172.146
13,Ashley,Hawkins,ahawkinsc@berkeley.edu,Female,47.87.236.17
130,Raymond,Weaver,rweaver3l@1688.com,Male,181.243.184.147
131,Christopher,Crawford,ccrawford3m@redcross.org,Male,126.139.228.92
132,Kimberly,Lawrence,klawrence3n@unicef.org,Female,179.166.8.177
133,Irene,Price,iprice3o@pagesperso-orange.fr,Female,179.28.119.243
134,Adam,Kim,akim3p@freewebs.com,Male,224.220.211.181
135,Phyllis,Frazier,pfrazier3q@cbc.ca,Female,141.217.217.143
136,Samuel,Freeman,sfreeman3r@ebay.co.uk,Male,36.171.209.199
137,Helen,Harvey,hharvey3s@twitpic.com,Female,110.41.208.238
138,Frank,Reid,freid3t@goo.ne.jp,Male,129.237.82.211
139,Kathy,Hunt,khunt3u@qq.com,Female,78.173.119.252
14,Paul,Black,pblackd@japanpost.jp,Male,4.37.181.100
140,Andrew,Hernandez,ahernandez3v@elegantthemes.com,Male,216.162.208.148
141,Jeffrey,Reid,jreid3w@mac.com,Male,58.96.137.206
142,Lois,Price,lprice3x@hao123.com,Female,146.177.186.154
143,Frank,Garrett,fgarrett3y@soup.io,Male,168.189.40.218
144,Chris,Murray,cmurray3z@cocolog-nifty.com,Male,222.250.115.193
145,Michael,Moore,mmoore40@icq.com,Male,239.111.59.98
146,Tammy,Andrews,tandrews41@zimbio.com,Female,3.41.169.208
147,Daniel,Porter,dporter42@uol.com.br,Male,224.140.77.205
148,Johnny,Fowler,jfowler43@ycombinator.com,Male,11.17.199.251
149,Bonnie,Stevens,bstevens44@gmpg.org,Female,214.178.4.238
15,Amanda,Cole,acolee@4shared.com,Female,231.47.228.14
150,Christopher,Bryant,cbryant45@wikia.com,Male,65.170.89.209
151,Gary,Dean,gdean46@amazon.co.jp,Male,121.49.37.105
152,Gregory,Scott,gscott47@tmall.com,Male,80.24.49.246
153,Lawrence,Pierce,lpierce48@feedburner.com,Male,85.123.3.50
154,Judith,Morrison,jmorrison49@domainmarket.com,Female,216.11.9.99
155,Janet,Day,jday4a@sciencedaily.com,Female,34.216.79.95
156,Andrew,Lawrence,alawrence4b@fastcompany.com,Male,36.226.25.187
157,Roger,Hall,rhall4c@bandcamp.com,Male,52.124.205.194
158,Jacqueline,Murphy,jmurphy4d@loc.gov,Female,121.53.129.136
159,Phyllis,Harper,pharper4e@mtv.com,Female,4.143.80.38
16,Betty,Simmons,bsimmonsf@forbes.com,Female,204.87.110.108
160,Kathryn,Sullivan,ksullivan4f@wikipedia.org,Female,116.36.66.99
161,Matthew,Knight,mknight4g@de.vu,Male,248.180.214.191
162,Betty,Mccoy,bmccoy4h@hibu.com,Female,98.249.132.252
163,Jimmy,Long,jlong4i@admin.ch,Male,186.178.74.163
164,Gloria,Martinez,gmartinez4j@nps.gov,Female,129.65.239.190
165,Wanda,Lawson,wlawson4k@storify.com,Female,244.111.188.170
166,Andrew,Flores,aflores4l@uol.com.br,Male,49.154.40.2
167,Gerald,Ross,gross4m@last.fm,Male,31.155.155.41
168,Kimberly,Anderson,kanderson4n@fema.gov,Female,249.95.54.103
169,Katherine,Oliver,koliver4o@360.cn,Female,246.105.133.186
17,Jennifer,Hunter,jhunterg@i2i.jp,Female,114.21.61.250
170,Lori,Gonzalez,lgonzalez4p@jigsy.com,Female,177.128.49.57
171,Kelly,Davis,kdavis4q@quantcast.com,Female,119.191.51.190
172,Henry,Freeman,hfreeman4r@marriott.com,Male,174.111.159.120
173,Terry,Carter,tcarter4s@dedecms.com,Male,107.11.200.140
174,Stephen,Martin,smartin4t@sakura.ne.jp,Male,97.22.190.157
175,Johnny,Harrison,jharrison4u@myspace.com,Male,109.35.14.14
176,Joseph,Moore,jmoore4v@vistaprint.com,Male,228.21.233.42
177,Kathy,Cruz,kcruz4w@delicious.com,Female,227.72.81.101
178,Maria,Sullivan,msullivan4x@pagesperso-orange.fr,Female,184.100.128.233
179,Deborah,Medina,dmedina4y@netscape.com,Female,217.166.178.132
18,Nicholas,Bennett,nbennetth@dailymotion.com,Male,8.5.169.49
180,Dorothy,Hudson,dhudson4z@pcworld.com,Female,192.165.23.102
181,Nicole,Anderson,nanderson50@gov.uk,Female,204.120.6.189
182,David,Armstrong,darmstrong51@merriam-webster.com,Male,35.182.152.100
183,Andrew,Reynolds,areynolds52@stanford.edu,Male,40.203.126.101
184,Jane,King,jking53@ftc.gov,Female,76.213.182.32
185,Shirley,Collins,scollins54@umn.edu,Female,68.37.208.71
186,Marie,Walker,mwalker55@deviantart.com,Female,193.0.80.194
187,Jimmy,Williams,jwilliams56@360.cn,Male,20.230.154.236
188,Catherine,Reyes,creyes57@globo.com,Female,100.36.62.49
189,Tina,Austin,taustin58@imageshack.us,Female,220.98.150.213
19,Teresa,Smith,tsmithi@nps.gov,Female,254.171.18.34
190,Sean,Weaver,sweaver59@foxnews.com,Male,204.69.181.180
191,Cheryl,Montgomery,cmontgomery5a@drupal.org,Female,186.59.42.148
192,James,Little,jlittle5b@yahoo.co.jp,Male,177.152.73.221
193,Deborah,Wheeler,dwheeler5c@wired.com,Female,57.73.67.147
194,Charles,Garcia,cgarcia5d@linkedin.com,Male,42.42.68.77
195,Benjamin,Shaw,bshaw5e@hud.gov,Male,20.151.228.215
196,Patricia,Gilbert,pgilbert5f@tinyurl.com,Female,236.88.67.115
197,Harry,Harrison,hharrison5g@reference.com,Male,113.103.91.199
198,Kelly,Ellis,kellis5h@pcworld.com,Female,213.72.183.130
199,Judith,Bowman,jbowman5i@ask.com,Female,2.167.244.126
2,Diane,Fisher,dfisher1@skyrock.com,Female,237.3.21.153
20,Michael,Meyer,mmeyerj@vk.com,Male,157.162.31.187
200,Andrew,Welch,awelch5j@topsy.com,Male,86.190.103.51
201,Jessica,Ford,jford5k@dagondesign.com,Female,126.212.28.114
202,Lois,Carter,lcarter5l@paginegialle.it,Female,40.13.38.95
203,Ernest,Torres,etorres5m@istockphoto.com,Male,253.179.45.57
204,Tina,Howard,thoward5n@mlb.com,Female,251.161.155.91
205,Mary,Ross,mross5o@i2i.jp,Female,204.237.163.18
206,Alice,Gordon,agordon5p@ehow.com,Female,124.133.54.206
207,Fred,Wheeler,fwheeler5q@businesswire.com,Male,117.171.17.207
208,Louise,Turner,lturner5r@baidu.com,Female,164.170.154.47
209,Janice,Mason,jmason5s@npr.org,Female,221.213.76.144
21,Jack,Hart,jhartk@apple.com,Male,26.11.47.209
210,Shirley,Alexander,salexander5t@unc.edu,Female,21.34.167.191
211,Jean,Garcia,jgarcia5u@wikimedia.org,Female,30.126.65.145
212,Michael,Thompson,mthompson5v@miitbeian.gov.cn,Male,40.230.7.152
213,Ryan,Walker,rwalker5w@reverbnation.com,Male,128.92.44.40
214,Richard,Price,rprice5x@over-blog.com,Male,34.79.157.16
215,Philip,Chapman,pchapman5y@deviantart.com,Male,59.22.46.105
216,Todd,Fuller,tfuller5z@amazon.com,Male,200.69.65.154
217,Andrea,Kelly,akelly60@storify.com,Female,57.5.170.41
218,Larry,Howell,lhowell61@yandex.ru,Male,71.253.169.35
219,Judith,Hamilton,jhamilton62@washington.edu,Female,70.157.8.155
22,George,Medina,gmedinal@moonfruit.com,Male,134.62.121.164
220,Kevin,Lewis,klewis63@boston.com,Male,137.49.170.73
221,Billy,Bennett,bbennett64@technorati.com,Male,101.183.182.200
222,Carlos,Johnson,cjohnson65@pen.io,Male,34.135.6.238
223,Johnny,Brooks,jbrooks66@pinterest.com,Male,237.14.35.116
224,Fred,Garza,fgarza67@foxnews.com,Male,174.183.83.42
225,Ashley,Brown,abrown68@stumbleupon.com,Female,8.240.98.205
226,Jose,Bowman,jbowman69@furl.net,Male,142.91.141.220
227,Jeremy,Johnson,jjohnson6a@gizmodo.com,Male,216.224.252.201
228,Jessica,Owens,jowens6b@google.ca,Female,104.48.77.250
229,Ralph,Gardner,rgardner6c@blinklist.com,Male,249.137.82.90
23,Carol,Lawrence,clawrencem@reuters.com,Female,179.94.53.87
230,Anne,Lawrence,alawrence6d@nymag.com,Female,198.101.137.83
231,Jimmy,Richardson,jrichardson6e@netlog.com,Male,185.150.50.116
232,George,Andrews,gandrews6f@infoseek.co.jp,Male,6.246.41.222
233,Arthur,Oliver,aoliver6g@mashable.com,Male,229.91.118.123
234,Jesse,Chavez,jchavez6h@psu.edu,Male,221.25.172.149
235,Roy,Owens,rowens6i@miitbeian.gov.cn,Male,139.200.79.70
236,Norma,Rose,nrose6j@google.es,Female,251.97.218.162
237,Kimberly,Woods,kwoods6k@gravatar.com,Female,42.24.30.56
238,Brian,Howard,bhoward6l@privacy.gov.au,Male,205.224.23.231
239,Joshua,Franklin,jfranklin6m@abc.net.au,Male,198.15.218.25
24,Douglas,Davis,ddavisn@qq.com,Male,11.64.241.203
240,Catherine,Garcia,cgarcia6n@stumbleupon.com,Female,222.24.26.173
241,Janice,Ford,jford6o@irs.gov,Female,14.135.90.130
242,Bobby,Parker,bparker6p@1688.com,Male,189.205.82.53
243,Juan,Sanders,jsanders6q@slashdot.org,Male,93.9.96.125
244,Martha,Dixon,mdixon6r@comsenz.com,Female,106.68.128.232
245,Jeffrey,Arnold,jarnold6s@desdev.cn,Male,194.43.15.131
246,Scott,Hanson,shanson6t@cdc.gov,Male,221.85.103.124
247,Ernest,Peterson,epeterson6u@eventbrite.com,Male,85.201.24.224
248,Louise,Dixon,ldixon6v@hostgator.com,Female,117.163.148.213
249,Phyllis,Ramirez,pramirez6w@blogtalkradio.com,Female,84.100.57.221
25,Antonio,Elliott,aelliotto@businessinsider.com,Male,194.68.190.199
250,Sharon,Shaw,sshaw6x@pagesperso-orange.fr,Female,204.217.127.13
251,Mildred,Little,mlittle6y@wordpress.org,Female,184.208.149.42
252,George,Porter,gporter6z@comcast.net,Male,175.247.69.114
253,Roy,Peters,rpeters70@salon.com,Male,147.201.199.163
254,Ashley,Woods,awoods71@blinklist.com,Female,17.57.94.101
255,Cheryl,Perkins,cperkins72@dion.ne.jp,Female,224.117.154.25
256,Sandra,Flores,sflores73@cyberchimps.com,Female,173.91.54.213
257,Roy,Elliott,relliott74@dyndns.org,Male,250.124.36.172
258,Ruby,Robinson,rrobinson75@state.tx.us,Female,193.87.240.179
259,Helen,Howell,hhowell76@blogspot.com,Female,181.120.127.250
26,Adam,Gibson,agibsonp@discuz.net,Male,135.228.19.117
260,Tammy,Myers,tmyers77@ox.ac.uk,Female,56.235.2.67
261,Joe,Stanley,jstanley78@thetimes.co.uk,Male,88.82.179.127
262,Ronald,Hayes,rhayes79@craigslist.org,Male,45.122.249.225
263,Rebecca,Garrett,rgarrett7a@t.co,Female,181.102.59.105
264,Marie,Lopez,mlopez7b@aboutads.info,Female,24.175.177.141
265,Antonio,Jenkins,ajenkins7c@techcrunch.com,Male,154.128.84.14
266,Jennifer,Hunter,jhunter7d@noaa.gov,Female,174.219.64.153
267,Sarah,Rose,srose7e@twitter.com,Female,181.65.7.155
268,Brenda,Gray,bgray7f@businessweek.com,Female,15.123.200.223
269,Gerald,Freeman,gfreeman7g@cnn.com,Male,73.46.32.242
27,Carl,Fernandez,cfernandezq@fastcompany.com,Male,86.93.176.28
270,Steve,Cruz,scruz7h@tumblr.com,Male,107.244.220.159
271,Carlos,Lopez,clopez7i@devhub.com,Male,188.121.21.43
272,Benjamin,Harvey,bharvey7j@sohu.com,Male,136.82.145.153
273,Roger,Gonzalez,rgonzalez7k@webs.com,Male,237.99.93.100
274,John,Kennedy,jkennedy7l@51.la,Male,186.17.64.137
275,Lori,Perry,lperry7m@state.tx.us,Female,210.207.163.162
276,Laura,Roberts,lroberts7n@narod.ru,Female,52.94.33.37
277,Donald,Jacobs,djacobs7o@tamu.edu,Male,45.45.142.181
278,Julie,Long,jlong7p@si.edu,Female,17.44.124.157
279,Victor,Myers,vmyers7q@e-recht24.de,Male,180.144.232.107
28,Susan,Fields,sfieldsr@virginia.edu,Female,242.36.37.232
280,Christopher,Hawkins,chawkins7r@merriam-webster.com,Male,222.227.202.134
281,Juan,Lynch,jlynch7s@wikia.com,Male,180.178.202.39
282,Deborah,Morgan,dmorgan7t@weebly.com,Female,48.208.217.201
283,Ruth,Smith,rsmith7u@sitemeter.com,Female,11.193.210.66
284,Emily,Gray,egray7v@utexas.edu,Female,242.44.67.223
285,Sara,Moreno,smoreno7w@csmonitor.com,Female,248.192.77.88
286,Benjamin,Marshall,bmarshall7x@joomla.org,Male,118.10.167.72
287,Kimberly,Kelly,kkelly7y@geocities.com,Female,201.213.107.144
288,Adam,Robinson,arobinson7z@howstuffworks.com,Male,42.165.117.42
289,Joshua,Perez,jperez80@angelfire.com,Male,67.74.249.13
29,Jessica,Butler,jbutlers@bluehost.com,Female,171.126.162.252
290,Jeffrey,Baker,jbaker81@csmonitor.com,Male,137.168.59.55
291,Michael,Moreno,mmoreno82@yahoo.com,Male,27.223.44.248
292,Phillip,Meyer,pmeyer83@networkadvertising.org,Male,225.129.118.108
293,Kelly,Greene,kgreene84@google.it,Female,93.33.42.250
294,Janet,Day,jday85@who.int,Female,220.84.243.228
295,Sarah,Alvarez,salvarez86@ucsd.edu,Female,12.59.60.237
296,Edward,Wells,ewells87@cafepress.com,Male,243.70.76.70
297,Johnny,Lawson,jlawson88@independent.co.uk,Male,67.0.22.193
298,Stephen,Stanley,sstanley89@google.fr,Male,33.5.247.10
299,Louise,Sanders,lsanders8a@marketwatch.com,Female,48.184.157.234
3,Aaron,Medina,amedina2@ameblo.jp,Male,133.58.40.209
30,Martin,Black,mblackt@salon.com,Male,12.239.250.158
300,Andrea,Parker,aparker8b@wikispaces.com,Female,179.86.121.178
301,Judith,Hunter,jhunter8c@tuttocitta.it,Female,216.35.160.96
302,Bobby,Gilbert,bgilbert8d@sciencedirect.com,Male,161.245.58.13
303,Lawrence,Ford,lford8e@meetup.com,Male,202.94.93.157
304,Sean,Williams,swilliams8f@auda.org.au,Male,83.141.239.126
305,Irene,Moreno,imoreno8g@aboutads.info,Female,197.49.125.158
306,Beverly,Vasquez,bvasquez8h@psu.edu,Female,16.21.160.73
307,Beverly,Willis,bwillis8i@intel.com,Female,19.93.178.152
308,Donald,Sullivan,dsullivan8j@vimeo.com,Male,205.75.162.125
309,Lois,Hunter,lhunter8k@pagesperso-orange.fr,Female,31.70.3.233
31,Judith,Harrison,jharrisonu@acquirethisname.com,Female,82.202.197.209
310,Fred,Black,fblack8l@comcast.net,Male,228.90.144.113
311,Dennis,Peters,dpeters8m@ted.com,Male,178.72.16.207
312,Harold,Wheeler,hwheeler8n@last.fm,Male,144.242.84.189
313,Albert,Nichols,anichols8o@mashable.com,Male,185.30.97.7
314,Joe,Gomez,jgomez8p@netvibes.com,Male,194.81.236.155
315,Ronald,Warren,rwarren8q@ebay.co.uk,Male,104.142.214.194
316,Carl,Hernandez,chernandez8r@etsy.com,Male,18.227.216.12
317,Jonathan,Collins,jcollins8s@netvibes.com,Male,215.58.93.93
318,Dorothy,Morgan,dmorgan8t@mapquest.com,Female,9.165.20.195
319,Carolyn,Medina,cmedina8u@soundcloud.com,Female,69.220.177.189
32,Helen,Knight,hknightv@bravesites.com,Female,213.31.234.187
320,Peter,Andrews,pandrews8v@geocities.com,Male,128.48.125.156
321,Marilyn,Shaw,mshaw8w@free.fr,Female,220.118.185.12
322,Amanda,Robertson,arobertson8x@newsvine.com,Female,3.165.5.253
323,Christopher,Sanders,csanders8y@nationalgeographic.com,Male,137.251.19.98
324,Angela,Roberts,aroberts8z@google.de,Female,246.75.237.150
325,Angela,Griffin,agriffin90@wordpress.com,Female,173.24.26.209
326,Jimmy,Cox,jcox91@pagesperso-orange.fr,Male,42.194.61.86
327,Gary,Alvarez,galvarez92@wix.com,Male,88.54.251.238
328,Frank,Banks,fbanks93@gnu.org,Male,18.66.145.53
329,Roger,Gilbert,rgilbert94@pbs.org,Male,167.57.186.209
33,Howard,Warren,hwarrenw@wisc.edu,Male,133.150.23.143
330,Jack,Moreno,jmoreno95@themeforest.net,Male,252.217.157.195
331,Amanda,Ward,award96@tripod.com,Female,239.95.67.149
332,Beverly,Washington,bwashington97@ebay.co.uk,Female,65.112.14.6
333,Dorothy,Ward,dward98@apache.org,Female,123.216.82.58
334,Ernest,Morales,emorales99@gizmodo.com,Male,113.209.15.155
335,Edward,Pierce,epierce9a@soup.io,Male,117.137.105.0
336,Eric,Adams,eadams9b@furl.net,Male,31.198.61.102
337,Todd,Mitchell,tmitchell9c@berkeley.edu,Male,255.179.111.194
338,Dorothy,Torres,dtorres9d@chronoengine.com,Female,33.172.41.126
339,Emily,Mitchell,emitchell9e@weibo.com,Female,126.154.66.42
34,Jeremy,Warren,jwarrenx@gizmodo.com,Male,201.201.26.117
340,Jessica,Barnes,jbarnes9f@wired.com,Female,214.220.6.139
341,Jesse,Ramirez,jramirez9g@icio.us,Male,2.57.254.127
342,Frank,Hart,fhart9h@msu.edu,Male,100.12.92.129
343,Heather,Barnes,hbarnes9i@army.mil,Female,183.131.211.72
344,Maria,Torres,mtorres9j@yale.edu,Female,223.188.25.152
345,Anna,Harrison,aharrison9k@icio.us,Female,46.180.231.149
346,Ann,Lee,alee9l@shutterfly.com,Female,249.112.16.183
347,Paul,Mccoy,pmccoy9m@surveymonkey.com,Male,219.206.67.141
348,Lisa,Scott,lscott9n@sphinn.com,Female,240.117.254.146
349,Elizabeth,Bell,ebell9o@toplist.cz,Female,85.118.222.3
35,Billy,Bishop,bbishopy@senate.gov,Male,201.129.14.205
350,Thomas,Nichols,tnichols9p@umn.edu,Male,128.72.198.54
351,Katherine,Riley,kriley9q@hhs.gov,Female,63.104.65.4
352,Ryan,Roberts,rroberts9r@gmpg.org,Male,131.49.235.175
353,Keith,Morales,kmorales9s@utexas.edu,Male,113.59.149.214
354,Walter,Richardson,wrichardson9t@ihg.com,Male,184.51.78.239
355,Craig,Black,cblack9u@surveymonkey.com,Male,54.41.13.246
356,Terry,Hill,thill9v@dion.ne.jp,Male,168.227.98.70
357,Christine,Warren,cwarren9w@elpais.com,Female,239.106.54.25
358,Lillian,Ford,lford9x@shutterfly.com,Female,121.242.115.86
359,Stephen,Sims,ssims9y@phpbb.com,Male,20.7.240.80
36,Joe,Anderson,jandersonz@harvard.edu,Male,155.76.50.226
360,Kimberly,Ramirez,kramirez9z@omniture.com,Female,44.64.140.176
361,Christopher,Riley,crileya0@fastcompany.com,Male,229.185.100.103
362,John,Burke,jburkea1@tinyurl.com,Male,140.83.124.26
363,Brenda,Ellis,bellisa2@arizona.edu,Female,170.154.247.98
364,Earl,Romero,eromeroa3@wired.com,Male,65.223.113.174
365,Billy,Dean,bdeana4@youtube.com,Male,158.130.30.248
366,Scott,Flores,sfloresa5@latimes.com,Male,166.101.114.106
367,Kelly,Bowman,kbowmana6@hatena.ne.jp,Female,209.141.157.34
368,Tammy,Frazier,tfraziera7@opensource.org,Female,178.202.41.237
369,Janet,Simpson,jsimpsona8@parallels.com,Female,204.133.22.86
37,Rose,George,rgeorge10@home.pl,Female,65.204.21.61
370,Deborah,Lewis,dlewisa9@meetup.com,Female,221.10.194.113
371,Robert,Parker,rparkeraa@dagondesign.com,Male,107.230.71.215
372,Alice,Rose,aroseab@marriott.com,Female,184.51.204.33
373,Clarence,Shaw,cshawac@paginegialle.it,Male,195.93.220.230
374,Emily,Ford,efordad@istockphoto.com,Female,53.239.84.27
375,Dorothy,Rogers,drogersae@whitehouse.gov,Female,24.83.212.126
376,Frances,Lane,flaneaf@cnbc.com,Female,21.229.79.250
377,Frances,Pierce,fpierceag@histats.com,Female,146.43.84.245
378,Jennifer,West,jwestah@google.de,Female,17.105.52.14
379,Catherine,Anderson,candersonai@is.gd,Female,19.248.112.68
38,Craig,Scott,cscott11@oakley.com,Male,255.154.191.222
380,Wanda,Reid,wreidaj@google.cn,Female,123.36.198.211
381,Andrew,Gonzalez,agonzalezak@csmonitor.com,Male,255.201.46.118
382,Craig,Palmer,cpalmeral@barnesandnoble.com,Male,231.122.187.9
383,Harry,Stevens,hstevensam@mac.com,Male,175.224.5.135
384,Lois,Wood,lwoodan@wikia.com,Female,104.252.220.186
385,Louis,Warren,lwarrenao@rambler.ru,Male,206.17.79.212
386,Marie,Morgan,mmorganap@smugmug.com,Female,111.178.19.240
387,Earl,Rice,ericeaq@umn.edu,Male,39.135.50.138
388,Virginia,Bell,vbellar@icio.us,Female,20.86.238.143
389,Rose,Russell,rrussellas@reference.com,Female,160.189.202.105
39,Doris,Tucker,dtucker12@diigo.com,Female,213.85.155.113
390,Shawn,Perkins,sperkinsat@google.com.hk,Male,152.1.181.14
391,Carlos,Bell,cbellau@cisco.com,Male,211.234.209.51
392,Wayne,Clark,wclarkav@fotki.com,Male,230.190.141.63
393,Mildred,Parker,mparkeraw@privacy.gov.au,Female,253.93.40.230
394,Jerry,Dean,jdeanax@java.com,Male,86.117.27.25
395,Stephen,Jones,sjonesay@engadget.com,Male,209.138.233.17
396,Benjamin,Gordon,bgordonaz@reverbnation.com,Male,232.73.54.239
397,Michelle,Dean,mdeanb0@cloudflare.com,Female,96.81.183.66
398,Janet,Berry,jberryb1@list-manage.com,Female,19.176.138.69
399,Todd,Bradley,tbradleyb2@amazon.com,Male,67.75.161.254
4,Adam,Simmons,asimmons3@infoseek.co.jp,Male,140.11.17.100
40,Teresa,Wallace,twallace13@tmall.com,Female,161.73.33.230
400,Amanda,West,awestb3@hibu.com,Female,231.141.23.60
401,Russell,Simpson,rsimpsonb4@shareasale.com,Male,112.232.167.10
402,Mildred,Ross,mrossb5@scribd.com,Female,255.176.212.178
403,Joshua,Rivera,jriverab6@quantcast.com,Male,11.214.103.255
404,Paul,Turner,pturnerb7@drupal.org,Male,83.171.121.209
405,Antonio,Jackson,ajacksonb8@opensource.org,Male,106.242.229.67
406,Betty,Cox,bcoxb9@acquirethisname.com,Female,114.95.89.211
407,Virginia,Garcia,vgarciaba@jimdo.com,Female,87.139.2.48
408,Irene,Watkins,iwatkinsbb@ameblo.jp,Female,144.166.32.194
409,Joshua,Ray,jraybc@google.fr,Male,87.15.201.61
41,Benjamin,Kim,bkim14@cyberchimps.com,Male,44.34.38.72
410,Michelle,Kim,mkimbd@bloglines.com,Female,123.6.128.230
411,Robert,Larson,rlarsonbe@engadget.com,Male,126.45.11.190
412,Dorothy,Moreno,dmorenobf@dot.gov,Female,72.255.77.65
413,Samuel,Morgan,smorganbg@comcast.net,Male,87.46.153.201
414,Jesse,Fuller,jfullerbh@nsw.gov.au,Male,174.114.247.44
415,Lillian,Mendoza,lmendozabi@alibaba.com,Female,0.192.96.233
416,Karen,Olson,kolsonbj@accuweather.com,Female,219.135.67.142
417,Joshua,Walker,jwalkerbk@bloomberg.com,Male,12.59.255.8
418,Philip,Allen,pallenbl@seesaa.net,Male,157.192.209.63
419,Scott,Murphy,smurphybm@bloglines.com,Male,65.208.81.158
42,Joshua,Matthews,jmatthews15@comsenz.com,Male,30.28.255.158
420,Irene,Fowler,ifowlerbn@people.com.cn,Female,201.161.87.104
421,Bonnie,Kelley,bkelleybo@aol.com,Female,160.214.75.207
422,Philip,Lawson,plawsonbp@blogspot.com,Male,49.85.198.94
423,Bruce,Marshall,bmarshallbq@parallels.com,Male,211.31.46.39
424,Katherine,Lewis,klewisbr@google.ca,Female,243.226.238.90
425,Lori,Long,llongbs@woothemes.com,Female,240.0.105.13
426,Howard,Dunn,hdunnbt@slashdot.org,Male,171.72.253.210
427,Russell,Burke,rburkebu@bigcartel.com,Male,239.220.86.164
428,Carl,Reyes,creyesbv@vk.com,Male,122.13.212.67
429,Rachel,Perry,rperrybw@wufoo.com,Female,133.81.213.173
43,Raymond,Larson,rlarson16@tripadvisor.com,Male,33.137.7.84
430,Lori,Jones,ljonesbx@ted.com,Female,154.137.176.252
431,Joshua,Carter,jcarterby@usgs.gov,Male,32.159.117.139
432,Chris,Hill,chillbz@bing.com,Male,20.34.63.254
433,Fred,Perkins,fperkinsc0@un.org,Male,83.85.184.165
434,Ryan,Coleman,rcolemanc1@theguardian.com,Male,167.27.127.31
435,Shawn,Richards,srichardsc2@multiply.com,Male,2.1.57.116
436,Margaret,Medina,mmedinac3@rambler.ru,Female,78.168.216.83
437,Louis,Hughes,lhughesc4@people.com.cn,Male,164.157.132.70
438,Joshua,White,jwhitec5@reuters.com,Male,151.39.102.96
439,Benjamin,Gonzales,bgonzalesc6@myspace.com,Male,170.146.34.20
44,Deborah,Little,dlittle17@devhub.com,Female,255.60.55.40
440,Kevin,James,kjamesc7@marketwatch.com,Male,204.86.234.171
441,Kathryn,Cole,kcolec8@qq.com,Female,248.137.71.185
442,Fred,Freeman,ffreemanc9@forbes.com,Male,0.80.243.164
443,Catherine,Oliver,coliverca@jigsy.com,Female,11.96.142.91
444,Anne,Clark,aclarkcb@reference.com,Female,191.226.145.54
445,Chris,Wagner,cwagnercc@businesswire.com,Male,254.35.156.66
446,Ann,Lynch,alynchcd@histats.com,Female,16.139.115.124
447,Adam,Jenkins,ajenkinsce@wp.com,Male,224.200.59.175
448,Lillian,Hawkins,lhawkinscf@people.com.cn,Female,111.210.11.36
449,Carolyn,Moore,cmoorecg@biblegateway.com,Female,115.244.84.61
45,Kenneth,Lane,klane18@wikipedia.org,Male,188.199.77.117
450,Jeremy,Rice,jricech@flickr.com,Male,30.19.118.157
451,Johnny,Fisher,jfisherci@paypal.com,Male,210.91.205.130
452,Joyce,Gomez,jgomezcj@netscape.com,Female,231.224.253.145
453,Justin,Fisher,jfisherck@forbes.com,Male,151.96.209.52
454,Nicole,Moreno,nmorenocl@bing.com,Female,18.26.246.211
455,Elizabeth,Jenkins,ejenkinscm@histats.com,Female,118.238.55.71
456,Annie,Willis,awilliscn@cpanel.net,Female,74.131.4.132
457,Aaron,Hart,ahartco@cnet.com,Male,218.138.236.130
458,Wanda,Henry,whenrycp@hugedomains.com,Female,165.1.42.132
459,Alice,Ray,araycq@ft.com,Female,166.44.214.155
46,Sarah,Brown,sbrown19@loc.gov,Female,153.82.220.144
460,Bobby,Price,bpricecr@mlb.com,Male,140.126.189.47
461,George,Henry,ghenrycs@dell.com,Male,50.135.194.221
462,Kelly,Brown,kbrownct@ucla.edu,Female,141.176.127.86
463,Roy,Burton,rburtoncu@twitpic.com,Male,149.48.182.101
464,Anna,Howard,ahowardcv@infoseek.co.jp,Female,222.243.117.89
465,Margaret,Crawford,mcrawfordcw@aol.com,Female,75.34.135.194
466,Susan,Ramos,sramoscx@ebay.co.uk,Female,121.108.217.250
467,Jose,Gomez,jgomezcy@google.cn,Male,142.228.250.95
468,Donna,Medina,dmedinacz@telegraph.co.uk,Female,186.154.68.99
469,Jennifer,Hunter,jhunterd0@google.it,Female,123.5.237.228
47,Marilyn,Franklin,mfranklin1a@japanpost.jp,Female,192.235.117.118
470,Pamela,Gibson,pgibsond1@virginia.edu,Female,173.201.140.251
471,Ryan,Walker,rwalkerd2@cnbc.com,Male,139.28.157.136
472,Kimberly,Fields,kfieldsd3@php.net,Female,125.201.188.250
473,Bobby,Black,bblackd4@studiopress.com,Male,184.90.64.2
474,Ralph,Wheeler,rwheelerd5@google.fr,Male,50.221.181.22
475,Craig,Boyd,cboydd6@mozilla.org,Male,162.80.226.2
476,Christina,Olson,colsond7@blogtalkradio.com,Female,41.254.122.47
477,Patricia,Jacobs,pjacobsd8@ft.com,Female,1.86.130.207
478,Carl,Ellis,cellisd9@harvard.edu,Male,157.137.60.168
479,Jacqueline,Knight,jknightda@sogou.com,Female,37.46.30.77
48,Diane,Morgan,dmorgan1b@earthlink.net,Female,188.74.140.145
480,Lawrence,Bishop,lbishopdb@gravatar.com,Male,177.39.232.49
481,Jennifer,Freeman,jfreemandc@cargocollective.com,Female,55.95.235.10
482,Shawn,Price,spricedd@dedecms.com,Male,64.60.151.25
483,Carl,Watson,cwatsonde@google.cn,Male,59.130.119.127
484,Frank,Sanders,fsandersdf@dailymotion.com,Male,222.34.90.1
485,Harold,Henderson,hhendersondg@1und1.de,Male,177.52.125.127
486,Andrea,Fowler,afowlerdh@loc.gov,Female,27.73.28.70
487,Bobby,Hunter,bhunterdi@shutterfly.com,Male,10.169.25.133
488,Brandon,Bryant,bbryantdj@cnbc.com,Male,40.164.86.178
489,Philip,Hanson,phansondk@reddit.com,Male,222.31.31.18
49,Shirley,Meyer,smeyer1c@sun.com,Female,89.55.254.71
490,Norma,Wright,nwrightdl@nih.gov,Female,83.139.205.55
491,Gary,Robinson,grobinsondm@dmoz.org,Male,162.29.205.0
492,Roy,Weaver,rweaverdn@salon.com,Male,182.40.78.55
493,Joshua,Riley,jrileydo@epa.gov,Male,25.40.239.48
494,Catherine,Knight,cknightdp@blinklist.com,Female,201.213.205.252
495,Wayne,Gonzales,wgonzalesdq@pinterest.com,Male,183.57.96.152
496,Roger,Harper,rharperdr@twitter.com,Male,85.227.177.148
497,Anna,Edwards,aedwardsds@reverbnation.com,Female,51.194.140.76
498,Gerald,Gilbert,ggilbertdt@unblog.fr,Male,22.29.118.22
499,Benjamin,Baker,bbakerdu@thetimes.co.uk,Male,192.121.221.160
5,Alan,Welch,awelch4@myspace.com,Male,251.165.155.148
50,Louise,Dunn,ldunn1d@simplemachines.org,Female,8.3.213.14
500,Douglas,Grant,dgrantdv@comsenz.com,Male,197.20.101.186
501,Andrew,Wilson,awilsondw@shareasale.com,Male,216.139.114.79
502,Jane,Morgan,jmorgandx@amazon.co.jp,Female,240.213.27.152
503,Norma,Lopez,nlopezdy@flavors.me,Female,201.193.234.78
504,Carl,Powell,cpowelldz@abc.net.au,Male,229.130.234.134
505,Philip,Romero,promeroe0@ucla.edu,Male,116.173.98.244
506,Lisa,Thompson,lthompsone1@skype.com,Female,216.89.196.9
507,Scott,Kim,skime2@fda.gov,Male,134.125.76.102
508,Andrea,Ramos,aramose3@meetup.com,Female,130.169.214.181
509,Michelle,Stanley,mstanleye4@de.vu,Female,103.81.232.70
51,Emily,Garza,egarza1e@berkeley.edu,Female,192.38.113.114
510,Brandon,Holmes,bholmese5@google.co.jp,Male,107.242.77.107
511,David,Mcdonald,dmcdonalde6@clickbank.net,Male,112.128.24.101
512,Justin,Weaver,jweavere7@huffingtonpost.com,Male,244.123.141.113
513,Deborah,Mitchell,dmitchelle8@naver.com,Female,23.236.163.103
514,Jesse,Diaz,jdiaze9@gravatar.com,Male,250.153.124.162
515,Robin,Murray,rmurrayea@drupal.org,Female,215.140.60.172
516,Bonnie,Roberts,brobertseb@godaddy.com,Female,143.200.90.242
517,Kathy,Patterson,kpattersonec@smugmug.com,Female,182.0.104.201
518,Rose,Lee,rleeed@cbslocal.com,Female,135.201.70.14
519,Ralph,Hernandez,rhernandezee@state.tx.us,Male,51.162.89.78
52,Andrea,Richardson,arichardson1f@google.de,Female,7.55.242.159
520,Mark,Roberts,mrobertsef@theatlantic.com,Male,161.108.92.189
521,Rose,Watkins,rwatkinseg@geocities.jp,Female,77.130.126.38
522,Rachel,Lawrence,rlawrenceeh@xrea.com,Female,8.152.103.230
523,Alan,Simmons,asimmonsei@ca.gov,Male,221.173.148.25
524,Andrew,Miller,amillerej@phoca.cz,Male,197.58.201.88
525,Brian,Rose,broseek@artisteer.com,Male,6.99.157.82
526,Katherine,Henry,khenryel@mozilla.com,Female,101.41.164.42
527,Paul,Medina,pmedinaem@usatoday.com,Male,247.106.78.199
528,Joshua,Coleman,jcolemanen@webeden.co.uk,Male,145.237.41.102
529,Katherine,Richards,krichardseo@sitemeter.com,Female,15.169.207.97
53,Marie,Wheeler,mwheeler1g@ifeng.com,Female,150.20.46.86
530,Ashley,Young,ayoungep@comcast.net,Female,146.238.13.211
531,Ruby,Porter,rportereq@technorati.com,Female,131.81.107.1
532,Joseph,Walker,jwalkerer@amazon.com,Male,48.255.58.240
533,Margaret,Chavez,mchavezes@miitbeian.gov.cn,Female,180.22.226.238
534,Tina,Gordon,tgordonet@hc360.com,Female,7.103.142.82
535,Richard,Adams,radamseu@ted.com,Male,156.198.77.80
536,Richard,Dean,rdeanev@wix.com,Male,2.168.177.165
537,David,Wilson,dwilsonew@sakura.ne.jp,Male,17.21.9.76
538,Diane,Cook,dcookex@trellian.com,Female,154.76.247.83
539,Eric,Reed,ereedey@bbc.co.uk,Male,253.127.51.90
54,Mary,Stanley,mstanley1h@japanpost.jp,Female,244.117.84.209
540,Laura,Holmes,lholmesez@kickstarter.com,Female,96.117.1.97
541,Carlos,Frazier,cfrazierf0@tinypic.com,Male,252.34.29.72
542,Robert,Marshall,rmarshallf1@barnesandnoble.com,Male,38.146.161.206
543,Douglas,Carpenter,dcarpenterf2@twitter.com,Male,225.45.60.119
544,Jerry,Young,jyoungf3@prnewswire.com,Male,30.35.46.42
545,Albert,Johnson,ajohnsonf4@blogs.com,Male,36.88.108.140
546,Chris,Jacobs,cjacobsf5@twitpic.com,Male,101.154.170.151
547,Kathy,Torres,ktorresf6@nsw.gov.au,Female,188.18.142.210
548,Robin,Wilson,rwilsonf7@marketwatch.com,Female,133.79.109.245
549,Keith,Cole,kcolef8@marketwatch.com,Male,254.234.195.221
55,Clarence,Ward,cward1i@nature.com,Male,233.80.233.140
550,Joseph,Wagner,jwagnerf9@mozilla.com,Male,115.64.37.57
551,Eugene,Bradley,ebradleyfa@nifty.com,Male,100.73.207.41
552,Roger,Cruz,rcruzfb@digg.com,Male,205.163.231.150
553,Paula,Pierce,ppiercefc@newyorker.com,Female,164.24.58.39
554,Denise,Lynch,dlynchfd@canalblog.com,Female,164.244.65.253
555,Stephanie,Mason,smasonfe@si.edu,Female,119.96.167.74
556,Mark,Lynch,mlynchff@senate.gov,Male,28.102.164.69
557,Gregory,Johnson,gjohnsonfg@jalbum.net,Male,229.59.133.222
558,Shirley,Cooper,scooperfh@fastcompany.com,Female,197.255.116.45
559,Brenda,Williams,bwilliamsfi@g.co,Female,29.138.163.255
56,Christina,Riley,criley1j@last.fm,Female,143.84.249.92
560,Terry,Hanson,thansonfj@bluehost.com,Male,211.85.62.149
561,Angela,Hart,ahartfk@japanpost.jp,Female,216.7.197.204
562,Cheryl,Sanchez,csanchezfl@zimbio.com,Female,55.47.42.118
563,Victor,Carter,vcarterfm@europa.eu,Male,210.65.123.107
564,Juan,Tucker,jtuckerfn@cpanel.net,Male,91.52.11.172
565,Wanda,Morris,wmorrisfo@facebook.com,Female,200.16.18.78
566,Jennifer,Gomez,jgomezfp@sourceforge.net,Female,57.206.235.177
567,Judy,Martin,jmartinfq@usa.gov,Female,129.155.205.244
568,Douglas,Wright,dwrightfr@parallels.com,Male,220.164.207.185
569,Todd,Shaw,tshawfs@usgs.gov,Male,44.164.15.174
57,Cynthia,Davis,cdavis1k@miibeian.gov.cn,Female,249.71.221.241
570,Randy,Warren,rwarrenft@phpbb.com,Male,95.56.230.78
571,Anna,Williams,awilliamsfu@yellowpages.com,Female,196.48.246.127
572,Nicole,Porter,nporterfv@jigsy.com,Female,145.81.50.210
573,Stephen,Day,sdayfw@businesswire.com,Male,72.210.180.30
574,Jacqueline,Reyes,jreyesfx@digg.com,Female,173.104.18.57
575,Michelle,Anderson,mandersonfy@diigo.com,Female,75.105.161.73
576,Alan,Ellis,aellisfz@youtu.be,Male,51.30.201.223
577,Angela,Ford,afordg0@aol.com,Female,156.159.106.200
578,Debra,Wheeler,dwheelerg1@narod.ru,Female,189.139.27.230
579,Amy,Lawrence,alawrenceg2@google.fr,Female,139.125.141.12
58,Stephanie,Barnes,sbarnes1l@netlog.com,Female,207.59.0.214
580,Steven,Clark,sclarkg3@apache.org,Male,46.161.154.15
581,Sarah,Garrett,sgarrettg4@topsy.com,Female,240.209.89.76
582,Tina,Marshall,tmarshallg5@berkeley.edu,Female,134.16.1.51
583,Kenneth,Peterson,kpetersong6@accuweather.com,Male,101.42.47.188
584,Beverly,Thomas,bthomasg7@rediff.com,Female,167.100.29.195
585,Christina,Hill,chillg8@nhs.uk,Female,158.56.150.73
586,Melissa,Carr,mcarrg9@ftc.gov,Female,158.202.248.180
587,Antonio,Griffin,agriffinga@examiner.com,Male,142.34.155.4
588,Judy,Ramos,jramosgb@usda.gov,Female,143.216.131.244
589,Michelle,Fuller,mfullergc@hao123.com,Female,29.214.20.247
59,Nancy,Harper,nharper1m@ucla.edu,Female,119.120.18.84
590,Robert,Bishop,rbishopgd@house.gov,Male,102.35.99.26
591,Wanda,Garza,wgarzage@bing.com,Female,60.226.200.188
592,Martin,Sims,msimsgf@xing.com,Male,143.223.134.249
593,Heather,Williamson,hwilliamsongg@sakura.ne.jp,Female,211.20.192.168
594,Ruby,Gibson,rgibsongh@sitemeter.com,Female,94.92.92.134
595,Irene,Lewis,ilewisgi@ihg.com,Female,117.244.18.195
596,Andrew,Arnold,aarnoldgj@scribd.com,Male,161.175.137.38
597,Ruby,Wagner,rwagnergk@yandex.ru,Female,9.174.141.189
598,Wanda,Fernandez,wfernandezgl@fc2.com,Female,236.171.160.107
599,Billy,Sanders,bsandersgm@printfriendly.com,Male,79.124.127.12
6,Jack,Rice,jrice5@dmoz.org,Male,189.161.22.104
60,Annie,Owens,aowens1n@php.net,Female,132.111.210.150
600,Kimberly,Mitchell,kmitchellgn@goo.gl,Female,237.3.129.115
601,Gary,Reid,greidgo@lycos.com,Male,197.182.46.5
602,Adam,Morales,amoralesgp@ask.com,Male,59.38.90.150
603,Kathryn,Perkins,kperkinsgq@home.pl,Female,123.233.169.141
604,Heather,Parker,hparkergr@spiegel.de,Female,234.216.178.32
605,Eugene,Nichols,enicholsgs@sina.com.cn,Male,101.201.6.236
606,Deborah,Frazier,dfraziergt@wiley.com,Female,85.154.155.254
607,Alan,Vasquez,avasquezgu@slate.com,Male,123.127.98.178
608,Donald,Perez,dperezgv@eventbrite.com,Male,233.34.85.66
609,Cheryl,Baker,cbakergw@hud.gov,Female,61.137.61.216
61,Joshua,Anderson,janderson1o@nasa.gov,Male,47.125.94.98
610,Christine,Brooks,cbrooksgx@dailymail.co.uk,Female,156.196.85.186
611,Gary,Hunter,ghuntergy@icq.com,Male,132.87.254.129
612,Bonnie,Romero,bromerogz@auda.org.au,Female,226.150.186.42
613,Ashley,Patterson,apattersonh0@engadget.com,Female,40.136.111.171
614,Kelly,Frazier,kfrazierh1@webs.com,Female,93.202.12.183
615,Anna,Reid,areidh2@tuttocitta.it,Female,254.149.199.26
616,Martin,Stephens,mstephensh3@auda.org.au,Male,38.238.70.186
617,Catherine,Kelley,ckelleyh4@newsvine.com,Female,122.187.24.240
618,Peter,Montgomery,pmontgomeryh5@yahoo.com,Male,186.36.254.66
619,Jennifer,Gonzalez,jgonzalezh6@prlog.org,Female,34.132.6.245
62,Mildred,Butler,mbutler1p@newyorker.com,Female,2.16.42.150
620,Joshua,Sullivan,jsullivanh7@tuttocitta.it,Male,95.225.229.95
621,Richard,Adams,radamsh8@who.int,Male,82.49.243.196
622,Paul,Franklin,pfranklinh9@meetup.com,Male,202.52.62.226
623,Anthony,Peterson,apetersonha@barnesandnoble.com,Male,5.240.139.94
624,Julia,Taylor,jtaylorhb@dedecms.com,Female,80.60.10.173
625,Larry,Henderson,lhendersonhc@odnoklassniki.ru,Male,108.65.206.115
626,Henry,White,hwhitehd@amazon.com,Male,71.210.246.190
627,Susan,Day,sdayhe@youtube.com,Female,149.205.236.184
628,Billy,Garza,bgarzahf@nature.com,Male,122.156.9.196
629,Larry,Watkins,lwatkinshg@sohu.com,Male,47.56.62.140
63,Sara,Lopez,slopez1q@networksolutions.com,Female,208.86.109.142
630,Edward,Wells,ewellshh@virginia.edu,Male,205.189.187.95
631,Nancy,Ortiz,nortizhi@nhs.uk,Female,97.189.81.248
632,Cheryl,Jordan,cjordanhj@cyberchimps.com,Female,1.45.48.135
633,Benjamin,Murray,bmurrayhk@mtv.com,Male,186.25.118.189
634,Willie,Henry,whenryhl@illinois.edu,Male,90.118.230.169
635,Anthony,Fuller,afullerhm@bizjournals.com,Male,62.35.45.169
636,Adam,Powell,apowellhn@ehow.com,Male,81.15.194.75
637,Jane,Parker,jparkerho@japanpost.jp,Female,229.36.215.62
638,Charles,Gonzales,cgonzaleshp@nih.gov,Male,126.116.69.96
639,Kathryn,Roberts,krobertshq@smugmug.com,Female,102.159.165.50
64,Willie,Jones,wjones1r@barnesandnoble.com,Male,174.177.135.150
640,Sean,Turner,sturnerhr@uiuc.edu,Male,145.6.98.186
641,Sean,Sims,ssimshs@instagram.com,Male,90.142.94.104
642,Chris,Coleman,ccolemanht@unc.edu,Male,125.111.156.65
643,Susan,Simpson,ssimpsonhu@ovh.net,Female,95.240.194.158
644,Henry,Bishop,hbishophv@networkadvertising.org,Male,84.178.53.226
645,Daniel,Moreno,dmorenohw@angelfire.com,Male,222.235.28.41
646,Jeremy,Wheeler,jwheelerhx@wix.com,Male,158.91.210.254
647,Phillip,Wood,pwoodhy@google.co.uk,Male,198.252.107.70
648,Gregory,Hanson,ghansonhz@godaddy.com,Male,156.147.197.17
649,Henry,Tucker,htuckeri0@ovh.net,Male,7.19.85.217
65,Terry,Ruiz,truiz1s@yolasite.com,Male,193.127.117.5
650,David,Bailey,dbaileyi1@marketwatch.com,Male,86.9.144.214
651,Gloria,Jones,gjonesi2@java.com,Female,233.185.113.214
652,Scott,Clark,sclarki3@forbes.com,Male,169.207.70.7
653,Martin,Ward,mwardi4@wiley.com,Male,158.252.34.104
654,Mildred,Austin,maustini5@nsw.gov.au,Female,158.49.85.201
655,Debra,Bryant,dbryanti6@bloomberg.com,Female,104.245.252.246
656,Fred,Rose,frosei7@bing.com,Male,94.15.124.83
657,Emily,Cook,ecooki8@gov.uk,Female,8.152.145.14
658,Lois,Taylor,ltaylori9@aol.com,Female,14.28.12.3
659,Cheryl,Shaw,cshawia@goo.ne.jp,Female,80.169.115.180
66,Catherine,Johnson,cjohnson1t@mediafire.com,Female,113.138.23.242
660,Pamela,Wood,pwoodib@booking.com,Female,58.155.90.86
661,Janet,Richardson,jrichardsonic@dmoz.org,Female,130.37.103.182
662,Barbara,Robertson,brobertsonid@yahoo.co.jp,Female,86.254.176.31
663,Jessica,Miller,jmillerie@parallels.com,Female,10.2.137.17
664,Ronald,Adams,radamsif@qq.com,Male,249.113.143.89
665,Victor,Peterson,vpetersonig@desdev.cn,Male,54.111.134.11
666,Melissa,Bowman,mbowmanih@wikispaces.com,Female,10.108.95.25
667,Gary,Berry,gberryii@goodreads.com,Male,183.19.142.207
668,Bonnie,Young,byoungij@merriam-webster.com,Female,138.41.52.232
669,Kimberly,Riley,krileyik@merriam-webster.com,Female,86.51.254.132
67,Joyce,Richards,jrichards1u@ocn.ne.jp,Female,146.21.25.206
670,Maria,Griffin,mgriffinil@livejournal.com,Female,73.254.228.249
671,Diane,Gonzalez,dgonzalezim@patch.com,Female,60.17.0.149
672,Ronald,Allen,rallenin@pagesperso-orange.fr,Male,199.188.198.58
673,Roger,Pierce,rpierceio@goodreads.com,Male,154.147.43.12
674,Marie,Williamson,mwilliamsonip@ftc.gov,Female,37.103.238.48
675,Matthew,Harrison,mharrisoniq@omniture.com,Male,200.254.109.47
676,Kathryn,Adams,kadamsir@businesswire.com,Female,27.61.231.238
677,Johnny,Fox,jfoxis@nasa.gov,Male,183.61.171.193
678,Irene,Allen,iallenit@surveymonkey.com,Female,46.126.81.82
679,Jerry,Wright,jwrightiu@myspace.com,Male,30.168.110.170
68,Joyce,Harris,jharris1v@flickr.com,Female,238.203.62.233
680,Craig,Parker,cparkeriv@livejournal.com,Male,213.117.152.7
681,Nicholas,Burns,nburnsiw@surveymonkey.com,Male,59.219.105.106
682,Brenda,Howard,bhowardix@weebly.com,Female,91.50.212.179
683,Eric,Fox,efoxiy@ebay.com,Male,136.13.243.2
684,Shawn,Burns,sburnsiz@blogtalkradio.com,Male,138.26.117.173
685,Doris,Gray,dgrayj0@microsoft.com,Female,227.152.87.37
686,Peter,Reyes,preyesj1@soundcloud.com,Male,221.97.189.208
687,Steven,Stanley,sstanleyj2@facebook.com,Male,95.173.212.18
688,Mark,Oliver,moliverj3@ucsd.edu,Male,146.44.48.135
689,Mary,Cook,mcookj4@simplemachines.org,Female,105.132.251.183
69,Lillian,Lopez,llopez1w@wikia.com,Female,163.50.151.252
690,Kathryn,Bennett,kbennettj5@ca.gov,Female,221.85.95.137
691,Richard,Williamson,rwilliamsonj6@netscape.com,Male,32.38.157.72
692,Frank,Reed,freedj7@constantcontact.com,Male,117.22.60.196
693,Earl,Anderson,eandersonj8@odnoklassniki.ru,Male,155.146.17.39
694,Willie,Henry,whenryj9@dagondesign.com,Male,105.66.103.239
695,Antonio,Harris,aharrisja@si.edu,Male,195.52.138.67
696,Carolyn,Romero,cromerojb@cloudflare.com,Female,163.10.132.121
697,Ruby,Carroll,rcarrolljc@census.gov,Female,8.6.233.207
698,Angela,Pierce,apiercejd@tripadvisor.com,Female,202.239.13.143
699,Rebecca,Adams,radamsje@linkedin.com,Female,241.252.3.226
7,Stephen,Williams,swilliams6@list-manage.com,Male,174.104.94.44
70,Teresa,Jacobs,tjacobs1x@state.gov,Female,93.77.73.96
700,Paula,Owens,powensjf@fastcompany.com,Female,183.216.1.200
701,Aaron,Collins,acollinsjg@qq.com,Male,41.138.204.207
702,Donald,Knight,dknightjh@unesco.org,Male,208.88.4.71
703,Christine,Holmes,cholmesji@cdbaby.com,Female,50.45.170.27
704,Peter,Bishop,pbishopjj@tripod.com,Male,240.193.48.60
705,Roger,Carter,rcarterjk@boston.com,Male,224.211.220.114
706,Ralph,Rogers,rrogersjl@theguardian.com,Male,98.123.208.12
707,Timothy,Burke,tburkejm@hhs.gov,Male,117.232.119.187
708,Diana,Gray,dgrayjn@amazon.co.uk,Female,187.113.236.72
709,Philip,Crawford,pcrawfordjo@networkadvertising.org,Male,176.209.115.181
71,Charles,Reynolds,creynolds1y@answers.com,Male,232.213.120.246
710,Willie,Reid,wreidjp@princeton.edu,Male,173.196.45.181
711,Todd,Morrison,tmorrisonjq@eepurl.com,Male,59.25.125.218
712,Louis,Vasquez,lvasquezjr@pcworld.com,Male,145.158.175.203
713,Phillip,Bennett,pbennettjs@paginegialle.it,Male,223.41.27.200
714,Benjamin,Olson,bolsonjt@chron.com,Male,212.219.243.236
715,Adam,Young,ayoungju@squarespace.com,Male,54.154.153.214
716,Philip,King,pkingjv@cpanel.net,Male,52.229.89.189
717,Brandon,Scott,bscottjw@toplist.cz,Male,134.67.184.143
718,Kelly,Jacobs,kjacobsjx@upenn.edu,Female,70.30.6.28
719,Ronald,Peters,rpetersjy@nymag.com,Male,118.31.141.223
72,Billy,Burke,bburke1z@timesonline.co.uk,Male,125.111.225.167
720,Joseph,Robertson,jrobertsonjz@washingtonpost.com,Male,114.9.66.240
721,Shirley,Mcdonald,smcdonaldk0@odnoklassniki.ru,Female,205.239.39.98
722,Sara,Lawson,slawsonk1@arstechnica.com,Female,134.92.158.29
723,Joan,Flores,jfloresk2@twitter.com,Female,77.24.22.149
724,Matthew,Hughes,mhughesk3@imageshack.us,Male,96.171.245.223
725,Raymond,Vasquez,rvasquezk4@bravesites.com,Male,223.247.57.51
726,Timothy,Turner,tturnerk5@taobao.com,Male,90.242.213.106
727,Elizabeth,Hawkins,ehawkinsk6@dot.gov,Female,119.53.42.114
728,Virginia,Miller,vmillerk7@sohu.com,Female,102.171.70.132
729,Timothy,Foster,tfosterk8@ycombinator.com,Male,109.254.20.183
73,Nicole,Nelson,nnelson20@cnbc.com,Female,103.20.254.191
730,Christopher,Hernandez,chernandezk9@woothemes.com,Male,201.236.171.254
731,Aaron,George,ageorgeka@globo.com,Male,44.51.120.95
732,Craig,Rice,cricekb@wikispaces.com,Male,62.26.233.186
733,Bruce,Murphy,bmurphykc@google.cn,Male,224.192.223.226
734,Ernest,Gray,egraykd@google.com.au,Male,98.196.222.224
735,Anthony,George,ageorgeke@usnews.com,Male,229.40.147.106
736,Ronald,Howell,rhowellkf@twitter.com,Male,158.211.58.159
737,Sharon,Johnston,sjohnstonkg@tumblr.com,Female,114.102.46.79
738,Jessica,Moreno,jmorenokh@harvard.edu,Female,163.234.72.173
739,Jesse,Johnston,jjohnstonki@qq.com,Male,98.28.20.81
74,Fred,Perkins,fperkins21@senate.gov,Male,242.55.46.223
740,Thomas,Gordon,tgordonkj@mayoclinic.com,Male,80.173.73.9
741,Marilyn,Freeman,mfreemankk@alibaba.com,Female,97.224.194.35
742,Victor,Ramos,vramoskl@pcworld.com,Male,1.196.199.28
743,Joyce,Simpson,jsimpsonkm@loc.gov,Female,234.100.220.42
744,Robert,Robinson,rrobinsonkn@a8.net,Male,168.163.127.163
745,Jessica,Perez,jperezko@miitbeian.gov.cn,Female,230.120.149.79
746,Angela,Fisher,afisherkp@harvard.edu,Female,10.252.142.21
747,Janet,Gibson,jgibsonkq@huffingtonpost.com,Female,155.22.221.146
748,Keith,Morris,kmorriskr@themeforest.net,Male,24.121.96.178
749,Benjamin,Weaver,bweaverks@washingtonpost.com,Male,173.20.243.26
75,Patrick,Dunn,pdunn22@uol.com.br,Male,109.188.182.215
750,Shirley,Carroll,scarrollkt@ifeng.com,Female,63.74.147.5
751,Steve,Mcdonald,smcdonaldku@walmart.com,Male,5.249.109.25
752,Theresa,Gomez,tgomezkv@meetup.com,Female,37.183.125.217
753,Dorothy,Warren,dwarrenkw@slashdot.org,Female,90.234.210.212
754,Jessica,Peterson,jpetersonkx@europa.eu,Female,218.53.64.91
755,Christina,Thompson,cthompsonky@who.int,Female,162.115.119.54
756,Brandon,Jones,bjoneskz@plala.or.jp,Male,7.233.108.132
757,Walter,Stone,wstonel0@shutterfly.com,Male,228.6.252.118
758,Annie,Fernandez,afernandezl1@oracle.com,Female,79.66.210.198
759,Shawn,Taylor,staylorl2@amazon.com,Male,76.25.198.84
76,Melissa,Richardson,mrichardson23@tripadvisor.com,Female,192.218.115.22
760,Anna,Williamson,awilliamsonl3@unicef.org,Female,200.151.145.27
761,Anna,Fields,afieldsl4@home.pl,Female,247.32.89.62
762,Diana,Fuller,dfullerl5@live.com,Female,107.145.105.86
763,Thomas,Garza,tgarzal6@indiatimes.com,Male,14.1.70.170
764,Katherine,Bailey,kbaileyl7@fema.gov,Female,47.59.234.50
765,Jimmy,Knight,jknightl8@mtv.com,Male,12.7.239.58
766,Norma,Gray,ngrayl9@ebay.co.uk,Female,158.68.241.130
767,Ronald,Knight,rknightla@hao123.com,Male,147.22.190.75
768,Willie,Bell,wbelllb@bing.com,Male,244.42.224.228
769,Martin,Walker,mwalkerlc@nih.gov,Male,121.211.37.206
77,John,Turner,jturner24@senate.gov,Male,237.230.4.245
770,Christina,Martin,cmartinld@oracle.com,Female,237.148.137.217
771,Paula,Moore,pmoorele@army.mil,Female,138.250.165.212
772,Jean,Myers,jmyerslf@blogs.com,Female,86.77.132.38
773,Larry,Mccoy,lmccoylg@buzzfeed.com,Male,71.71.151.131
774,Ruby,Scott,rscottlh@devhub.com,Female,194.11.5.152
775,Michael,Welch,mwelchli@addtoany.com,Male,154.124.35.77
776,Craig,Martin,cmartinlj@webmd.com,Male,148.38.92.56
777,Ruby,Mason,rmasonlk@nature.com,Female,101.22.242.186
778,Janet,Wells,jwellsll@spiegel.de,Female,173.117.64.187
779,Margaret,Ford,mfordlm@netvibes.com,Female,22.42.238.200
78,Diane,Garza,dgarza25@altervista.org,Female,162.212.89.46
780,Julie,Flores,jfloresln@4shared.com,Female,242.108.131.203
781,Justin,Meyer,jmeyerlo@cmu.edu,Male,75.1.162.194
782,Roy,Woods,rwoodslp@engadget.com,Male,136.135.30.180
783,Justin,Ellis,jellislq@soup.io,Male,57.114.97.93
784,Joseph,Ray,jraylr@buzzfeed.com,Male,232.238.1.208
785,Angela,Taylor,ataylorls@tmall.com,Female,165.56.92.76
786,Henry,Olson,holsonlt@meetup.com,Male,10.130.255.1
787,Shirley,Morgan,smorganlu@boston.com,Female,173.152.78.224
788,Harry,Stephens,hstephenslv@sogou.com,Male,44.35.179.238
789,Laura,Dean,ldeanlw@state.gov,Female,113.17.85.184
79,Patricia,Weaver,pweaver26@github.io,Female,232.250.57.15
790,Stephanie,Austin,saustinlx@ebay.co.uk,Female,189.233.49.164
791,Patrick,Reid,preidly@1und1.de,Male,186.139.14.164
792,Donald,Edwards,dedwardslz@macromedia.com,Male,222.64.42.110
793,Gary,Larson,glarsonm0@smugmug.com,Male,12.63.233.137
794,Clarence,Harvey,charveym1@epa.gov,Male,118.114.24.255
795,Eric,Murphy,emurphym2@gmpg.org,Male,71.98.210.41
796,Adam,Weaver,aweaverm3@vistaprint.com,Male,208.101.143.72
797,Brian,James,bjamesm4@360.cn,Male,56.83.29.87
798,Harry,Kelly,hkellym5@1688.com,Male,66.73.202.9
799,David,Stewart,dstewartm6@yolasite.com,Male,145.164.110.225
8,Wayne,Ramirez,wramirez7@usgs.gov,Male,222.44.144.195
80,Annie,Hansen,ahansen27@4shared.com,Female,185.97.174.149
800,Victor,Wilson,vwilsonm7@vinaora.com,Male,254.5.234.165
801,Rose,Peters,rpetersm8@constantcontact.com,Female,196.67.116.105
802,Lori,Tucker,ltuckerm9@parallels.com,Female,138.50.28.34
803,Theresa,Castillo,tcastilloma@ovh.net,Female,188.21.143.185
804,Kevin,Ramos,kramosmb@senate.gov,Male,93.118.226.154
805,Fred,Jones,fjonesmc@craigslist.org,Male,213.210.228.47
806,Lois,Roberts,lrobertsmd@usatoday.com,Female,76.64.180.112
807,Sara,Watson,swatsonme@hud.gov,Female,219.80.139.87
808,Keith,Cooper,kcoopermf@google.it,Male,77.167.96.117
809,John,Gibson,jgibsonmg@nyu.edu,Male,247.244.217.143
81,Stephen,Ward,sward28@smh.com.au,Male,15.46.11.122
810,Alan,Cunningham,acunninghammh@macromedia.com,Male,75.17.35.201
811,Bonnie,Jordan,bjordanmi@lycos.com,Female,137.64.241.34
812,Kenneth,Jacobs,kjacobsmj@squarespace.com,Male,207.171.134.70
813,Philip,Willis,pwillismk@disqus.com,Male,13.134.245.184
814,Randy,Webb,rwebbml@dion.ne.jp,Male,45.166.47.72
815,Phillip,Lopez,plopezmm@tinyurl.com,Male,81.254.134.246
816,Brenda,Palmer,bpalmermn@altervista.org,Female,240.152.236.212
817,Phillip,Perry,pperrymo@slideshare.net,Male,51.228.187.87
818,Fred,Rivera,friveramp@bloomberg.com,Male,89.236.145.129
819,Andrea,Schmidt,aschmidtmq@mail.ru,Female,25.106.206.28
82,Phillip,Hunt,phunt29@blogger.com,Male,193.193.102.119
820,Wanda,Washington,wwashingtonmr@eepurl.com,Female,13.178.105.172
821,Beverly,Walker,bwalkerms@fema.gov,Female,192.124.44.12
822,Gloria,Burke,gburkemt@blogtalkradio.com,Female,156.28.151.40
823,Virginia,Owens,vowensmu@cbsnews.com,Female,80.109.135.230
824,Gerald,Gonzalez,ggonzalezmv@yellowpages.com,Male,21.166.21.231
825,Joe,Mills,jmillsmw@blog.com,Male,141.71.201.225
826,Amy,Williams,awilliamsmx@sfgate.com,Female,72.225.103.156
827,Jose,Harrison,jharrisonmy@businessweek.com,Male,70.106.132.66
828,Johnny,Parker,jparkermz@jugem.jp,Male,68.21.99.247
829,Diana,Arnold,darnoldn0@blinklist.com,Female,151.146.245.23
83,Deborah,Hicks,dhicks2a@blogger.com,Female,222.116.102.39
830,Mary,Sims,msimsn1@examiner.com,Female,32.49.109.75
831,Russell,Fowler,rfowlern2@baidu.com,Male,194.90.77.226
832,Joe,Powell,jpowelln3@mit.edu,Male,79.209.153.20
833,Lawrence,Moore,lmooren4@nymag.com,Male,227.192.226.244
834,Gregory,Richards,grichardsn5@eepurl.com,Male,115.203.215.21
835,Daniel,Roberts,drobertsn6@nytimes.com,Male,240.50.219.20
836,Craig,Snyder,csnydern7@wikia.com,Male,50.248.159.102
837,Marilyn,White,mwhiten8@psu.edu,Female,2.17.171.171
838,Antonio,Ross,arossn9@technorati.com,Male,215.137.28.31
839,Stephanie,Nichols,snicholsna@ft.com,Female,14.103.177.175
84,Raymond,Thomas,rthomas2b@eventbrite.com,Male,225.176.84.201
840,Kathleen,Gomez,kgomeznb@acquirethisname.com,Female,245.181.191.167
841,Bonnie,Torres,btorresnc@ox.ac.uk,Female,80.215.1.127
842,Doris,Murray,dmurraynd@senate.gov,Female,206.199.114.132
843,Sharon,Sanchez,ssanchezne@sina.com.cn,Female,110.101.181.39
844,Ruth,Martin,rmartinnf@xinhuanet.com,Female,57.126.202.233
845,Edward,Rogers,erogersng@google.de,Male,67.41.190.214
846,Andrew,Collins,acollinsnh@narod.ru,Male,180.128.77.67
847,Gerald,Nichols,gnicholsni@columbia.edu,Male,46.11.22.216
848,Sarah,Boyd,sboydnj@patch.com,Female,161.56.17.129
849,Carolyn,Morgan,cmorgannk@flavors.me,Female,127.0.131.84
85,Adam,Nguyen,anguyen2c@disqus.com,Male,220.72.107.186
850,Andrea,Carpenter,acarpenternl@nifty.com,Female,90.24.132.84
851,Victor,Parker,vparkernm@bigcartel.com,Male,108.72.9.240
852,Sharon,Baker,sbakernn@stumbleupon.com,Female,0.207.225.77
853,Gloria,Rose,groseno@tmall.com,Female,235.239.62.110
854,Carl,Cook,ccooknp@odnoklassniki.ru,Male,175.140.135.143
855,Kimberly,Scott,kscottnq@flickr.com,Female,68.59.176.244
856,Philip,Andrews,pandrewsnr@dell.com,Male,166.191.42.2
857,Joyce,Gomez,jgomezns@livejournal.com,Female,159.16.164.217
858,Anthony,Hall,ahallnt@comsenz.com,Male,103.234.22.195
859,Larry,Brown,lbrownnu@arstechnica.com,Male,126.140.124.73
86,Virginia,Peterson,vpeterson2d@tiny.cc,Female,44.235.199.245
860,Melissa,Gutierrez,mgutierreznv@noaa.gov,Female,164.234.128.236
861,Katherine,Crawford,kcrawfordnw@t-online.de,Female,149.214.211.173
862,Randy,Butler,rbutlernx@arizona.edu,Male,215.143.167.47
863,Willie,Schmidt,wschmidtny@wisc.edu,Male,123.217.188.42
864,Joseph,Burton,jburtonnz@bbb.org,Male,188.201.154.227
865,Dennis,Jackson,djacksono0@msn.com,Male,140.189.66.120
866,Teresa,Montgomery,tmontgomeryo1@pen.io,Female,210.190.134.58
867,Bonnie,Little,blittleo2@dyndns.org,Female,125.11.255.135
868,Joyce,Cole,jcoleo3@mysql.com,Female,128.166.61.187
869,Julie,Hernandez,jhernandezo4@smugmug.com,Female,220.113.12.58
87,Marie,Reynolds,mreynolds2e@theguardian.com,Female,232.40.252.14
870,Benjamin,Warren,bwarreno5@biglobe.ne.jp,Male,74.150.21.120
871,Larry,Martinez,lmartinezo6@google.com.hk,Male,200.75.226.43
872,Jack,Perkins,jperkinso7@elegantthemes.com,Male,0.166.130.149
873,Kevin,Simpson,ksimpsono8@miibeian.gov.cn,Male,115.229.109.149
874,Adam,Oliver,aolivero9@addtoany.com,Male,110.74.162.227
875,Andrew,Bryant,abryantoa@live.com,Male,102.191.185.79
876,Joseph,Roberts,jrobertsob@wired.com,Male,146.184.171.20
877,Antonio,Ortiz,aortizoc@army.mil,Male,91.215.214.181
878,Nicholas,Woods,nwoodsod@etsy.com,Male,23.151.171.2
879,Linda,Harrison,lharrisonoe@wikia.com,Female,119.138.126.98
88,Virginia,Brooks,vbrooks2f@mozilla.org,Female,229.208.218.230
880,Donna,Elliott,delliottof@umn.edu,Female,114.109.187.30
881,Clarence,Henry,chenryog@hubpages.com,Male,188.220.157.114
882,Judy,Fuller,jfulleroh@ebay.com,Female,231.188.53.6
883,Beverly,Ortiz,bortizoi@people.com.cn,Female,149.232.36.145
884,Mark,Henry,mhenryoj@people.com.cn,Male,26.17.80.198
885,Johnny,Bailey,jbaileyok@mtv.com,Male,66.229.154.19
886,Billy,Long,blongol@weebly.com,Male,101.34.202.2
887,Amanda,Hudson,ahudsonom@skype.com,Female,191.193.214.41
888,Carl,Jackson,cjacksonon@printfriendly.com,Male,0.79.56.12
889,Johnny,Medina,jmedinaoo@imgur.com,Male,101.67.153.39
89,Annie,Peters,apeters2g@home.pl,Female,27.152.75.125
890,Diane,Willis,dwillisop@nba.com,Female,125.16.204.233
891,Lawrence,Gonzales,lgonzalesoq@washingtonpost.com,Male,208.144.204.90
892,Kathy,Ramos,kramosor@mozilla.com,Female,124.117.32.66
893,Carolyn,Adams,cadamsos@t.co,Female,215.209.151.234
894,Jesse,Mitchell,jmitchellot@guardian.co.uk,Male,173.221.117.244
895,Richard,Torres,rtorresou@toplist.cz,Male,100.60.141.238
896,Anne,Ruiz,aruizov@va.gov,Female,64.79.161.199
897,Antonio,Hunter,ahunterow@cargocollective.com,Male,128.171.188.13
898,Russell,Burton,rburtonox@dailymotion.com,Male,175.190.255.55
899,Stephanie,Ross,srossoy@fotki.com,Female,21.207.24.210
9,Diana,Fields,dfields8@ustream.tv,Female,39.95.37.21
90,David,Lynch,dlynch2h@bloomberg.com,Male,195.84.30.123
900,Arthur,Myers,amyersoz@examiner.com,Male,175.30.135.185
901,Annie,Bradley,abradleyp0@dedecms.com,Female,160.44.185.13
902,Joshua,Arnold,jarnoldp1@shutterfly.com,Male,119.217.227.241
903,Carol,Williams,cwilliamsp2@hatena.ne.jp,Female,23.228.117.43
904,Jennifer,Price,jpricep3@slate.com,Female,212.69.66.46
905,Carlos,Berry,cberryp4@microsoft.com,Male,171.126.81.253
906,Philip,Andrews,pandrewsp5@imdb.com,Male,54.182.241.161
907,Teresa,Fuller,tfullerp6@technorati.com,Female,30.146.45.193
908,Todd,Carpenter,tcarpenterp7@miibeian.gov.cn,Male,35.59.155.91
909,Brian,West,bwestp8@bluehost.com,Male,193.206.21.188
91,Phillip,Peters,ppeters2i@angelfire.com,Male,36.126.77.103
910,John,Bennett,jbennettp9@bigcartel.com,Male,127.81.193.164
911,Roger,Johnson,rjohnsonpa@shop-pro.jp,Male,68.97.94.78
912,Donna,Turner,dturnerpb@irs.gov,Female,138.197.70.160
913,Evelyn,Wallace,ewallacepc@yellowpages.com,Female,154.198.60.21
914,Henry,Elliott,helliottpd@studiopress.com,Male,154.109.16.127
915,Terry,Carr,tcarrpe@earthlink.net,Male,211.118.76.44
916,Deborah,Adams,dadamspf@shop-pro.jp,Female,84.11.31.212
917,Richard,Tucker,rtuckerpg@purevolume.com,Male,193.186.60.19
918,Patrick,Martin,pmartinph@odnoklassniki.ru,Male,185.36.24.146
919,Andrea,Marshall,amarshallpi@dagondesign.com,Female,183.99.0.111
92,Katherine,Cox,kcox2j@house.gov,Female,194.22.87.236
920,Andrea,Wheeler,awheelerpj@gnu.org,Female,75.64.180.12
921,Richard,Nguyen,rnguyenpk@twitpic.com,Male,13.156.110.110
922,Ruth,Williams,rwilliamspl@theatlantic.com,Female,155.161.6.67
923,Douglas,Austin,daustinpm@php.net,Male,104.23.197.198
924,Bonnie,Morris,bmorrispn@wikia.com,Female,252.77.231.137
925,Alan,Duncan,aduncanpo@de.vu,Male,234.138.124.77
926,Beverly,Mills,bmillspp@webmd.com,Female,139.117.120.21
927,Shirley,Ruiz,sruizpq@nhs.uk,Female,93.0.67.65
928,Sandra,Walker,swalkerpr@craigslist.org,Female,109.195.59.112
929,Helen,Foster,hfosterps@multiply.com,Female,179.87.164.180
93,Harry,Walker,hwalker2k@nhs.uk,Male,38.171.165.74
930,Walter,Greene,wgreenept@technorati.com,Male,142.42.201.82
931,Carlos,Smith,csmithpu@reddit.com,Male,101.136.24.122
932,Frank,Watson,fwatsonpv@psu.edu,Male,247.172.217.218
933,Jeffrey,Daniels,jdanielspw@infoseek.co.jp,Male,95.236.147.6
934,Annie,Nichols,anicholspx@ihg.com,Female,193.87.102.179
935,Beverly,Romero,bromeropy@craigslist.org,Female,129.88.22.190
936,Martha,Freeman,mfreemanpz@is.gd,Female,101.84.200.204
937,Teresa,Walker,twalkerq0@geocities.jp,Female,71.141.115.235
938,Brenda,Armstrong,barmstrongq1@foxnews.com,Female,72.223.68.193
939,Scott,Palmer,spalmerq2@nbcnews.com,Male,143.1.104.23
94,Keith,Edwards,kedwards2l@surveymonkey.com,Male,49.239.98.126
940,Janet,Moreno,jmorenoq3@shop-pro.jp,Female,160.79.225.195
941,Heather,Moore,hmooreq4@dropbox.com,Female,250.229.238.71
942,Lois,Fowler,lfowlerq5@xing.com,Female,158.206.178.251
943,Johnny,Dixon,jdixonq6@ameblo.jp,Male,0.60.124.111
944,Michelle,Nichols,mnicholsq7@ocn.ne.jp,Female,143.74.239.157
945,Heather,Peters,hpetersq8@google.co.uk,Female,72.78.138.153
946,Susan,Murray,smurrayq9@state.gov,Female,19.25.52.196
947,Craig,Ryan,cryanqa@naver.com,Male,112.150.196.232
948,Robert,Rose,rroseqb@netscape.com,Male,77.166.183.99
949,Albert,Hunter,ahunterqc@blogtalkradio.com,Male,185.237.13.19
95,Brandon,Gonzales,bgonzales2m@dion.ne.jp,Male,7.127.148.14
950,Shawn,Parker,sparkerqd@desdev.cn,Male,235.147.2.223
951,Jeremy,Myers,jmyersqe@jimdo.com,Male,39.81.82.243
952,Anna,Bishop,abishopqf@youku.com,Female,95.233.195.74
953,Christine,Boyd,cboydqg@fastcompany.com,Female,248.135.37.87
954,Louis,Thomas,lthomasqh@mit.edu,Male,34.234.166.2
955,Gerald,Hunt,ghuntqi@upenn.edu,Male,150.52.51.180
956,Daniel,Welch,dwelchqj@hubpages.com,Male,100.165.9.214
957,Sean,Mason,smasonqk@earthlink.net,Male,112.136.202.48
958,Julia,Fernandez,jfernandezql@home.pl,Female,192.177.251.237
959,Philip,Welch,pwelchqm@columbia.edu,Male,83.113.179.216
96,Kimberly,Wheeler,kwheeler2n@latimes.com,Female,156.214.1.196
960,Michael,Gonzales,mgonzalesqn@cam.ac.uk,Male,206.48.153.123
961,Irene,Moore,imooreqo@prnewswire.com,Female,220.236.43.146
962,Ernest,Fisher,efisherqp@exblog.jp,Male,180.159.224.208
963,Bonnie,Simpson,bsimpsonqq@cam.ac.uk,Female,198.17.150.99
964,Harry,Meyer,hmeyerqr@livejournal.com,Male,207.104.115.250
965,Rose,Elliott,relliottqs@washington.edu,Female,44.48.186.128
966,Lori,Roberts,lrobertsqt@t.co,Female,85.146.56.95
967,Shirley,Edwards,sedwardsqu@plala.or.jp,Female,248.225.182.101
968,Mark,Matthews,mmatthewsqv@shareasale.com,Male,12.92.76.123
969,Michelle,Evans,mevansqw@hud.gov,Female,59.89.42.213
97,Howard,Wood,hwood2o@homestead.com,Male,207.29.195.41
970,Steven,Campbell,scampbellqx@tinypic.com,Male,188.139.31.24
971,Diana,Berry,dberryqy@shareasale.com,Female,90.97.107.149
972,Norma,Mccoy,nmccoyqz@go.com,Female,2.47.88.62
973,Edward,Hernandez,ehernandezr0@google.it,Male,172.86.108.82
974,Howard,Riley,hrileyr1@free.fr,Male,138.77.21.104
975,Joseph,Flores,jfloresr2@myspace.com,Male,107.70.90.34
976,Frances,Harrison,fharrisonr3@ow.ly,Female,254.58.216.68
977,Maria,Medina,mmedinar4@epa.gov,Female,129.80.127.231
978,Russell,Bowman,rbowmanr5@reuters.com,Male,94.39.206.43
979,Scott,Diaz,sdiazr6@about.me,Male,117.208.137.114
98,Lawrence,Lawrence,llawrence2p@cnn.com,Male,244.239.9.175
980,Janice,Hanson,jhansonr7@surveymonkey.com,Female,249.238.38.117
981,Julie,Robertson,jrobertsonr8@arizona.edu,Female,74.130.31.99
982,Jane,Fox,jfoxr9@mapquest.com,Female,221.25.143.84
983,Roy,Harris,rharrisra@rediff.com,Male,207.33.171.89
984,Matthew,Reynolds,mreynoldsrb@berkeley.edu,Male,128.103.182.96
985,Philip,Fowler,pfowlerrc@purevolume.com,Male,192.19.90.153
986,Evelyn,Murray,emurrayrd@nifty.com,Female,40.140.8.151
987,Russell,Lawson,rlawsonre@tiny.cc,Male,158.206.3.171
988,Eugene,Ortiz,eortizrf@geocities.jp,Male,137.107.168.74
989,Carl,Young,cyoungrg@alexa.com,Male,5.0.44.244
99,Douglas,Jordan,djordan2q@upenn.edu,Male,215.35.15.247
990,Howard,Spencer,hspencerrh@earthlink.net,Male,187.31.183.31
991,Jennifer,Gomez,jgomezri@yellowbook.com,Female,110.46.153.196
992,Rachel,Sanchez,rsanchezrj@foxnews.com,Female,239.72.97.170
993,Jennifer,Gray,jgrayrk@yandex.ru,Female,76.245.159.64
994,Victor,Rodriguez,vrodriguezrl@baidu.com,Male,134.183.51.112
995,Joyce,Porter,jporterrm@acquirethisname.com,Female,26.229.4.0
996,Judy,Hunt,jhuntrn@cnet.com,Female,4.248.64.126
997,George,Turner,gturnerro@ebay.com,Male,43.254.213.14
998,Margaret,Schmidt,mschmidtrp@apache.org,Female,167.5.189.228
999,Ashley,Day,adayrq@wikimedia.org,Female,243.249.26.26
